,Topic,words,cs
10,Topic11,"{'gross', 'longs', 'exposure', 'long', 'position', 'portfolio', 'market', 'risk', 'stock', 'short'}",-0.6333276998832089
3,Topic4,"{'junior', 'invest', 'year', 'long', 'fund', 'current', 'small', 'focus', 'team', 'launch'}",-0.6702483281441246
8,Topic9,"{'analysis', 'process', 'portfolio', 'market', 'risk', 'stock', 'research', 'fundamental', 'investment', 'management'}",-0.6903324818401475
17,Topic18,"{'industry', 'idea', 'capital', 'position', 'value', 'business', 'opportunity', 'investment', 'management', 'company'}",-0.7361986433665897
22,Topic23,"{'price', 'earnings', 'rate', 'year', 'market', 'growth', 'stock', 'increase', 'high', 'company'}",-0.8279960443052292
25,Topic26,"{'trade', 'global', 'trading', 'market', 'strategy', 'risk', 'equity', 'fund', 'european', 'team'}",-0.8320627322536037
29,Topic30,"{'year', 'performance', 'information', 'risk', 'partner', 'investment', 'management', 'investor', 'capital', 'fund'}",-0.8497199936549806
23,Topic24,"{'manager', 'prior', 'analyst', 'portfolio', 'join', 'research', 'investment', 'management', 'capital', 'university'}",-0.8506566362258045
7,Topic8,"{'exposure', 'long', 'bank', 'reit', 'think', 'financials', 'short', 'debt', 'credit', 'fund'}",-0.9070322422509736
15,Topic16,"{'trade', 'look', 'year', 'think', 'like', 'come', 'book', 'today', 'john', 'fund'}",-1.0703792493874653
6,Topic7,"{'private', 'billion', 'distribution', 'asset', 'equity', 'public', 'investment', 'million', 'company', 'health'}",-1.1054310788383517
21,Topic22,"{'december', 'index', 'performance', 'april', 'march', 'return', 'february', 'june', 'january', 'fund'}",-1.1832966580115802
24,Topic25,"{'goldman', 'chief', 'associate', 'compliance', 'officer', 'relation', 'mark', 'sachs', 'advisor', 'capital'}",-1.206229453990826
20,Topic21,"{'sector', 'passport', 'global', 'energy', 'commodity', 'material', 'investment', 'resource', 'utility', 'company'}",-1.3990167469102512
12,Topic13,"{'associate', 'year', 'degree', 'professional', 'administration', 'career', 'accountant', 'boston', 'bachelor', 'founder'}",-1.4387452244726489
18,Topic19,"{'idea', 'chris', 'tiger', 'analyst', 'work', 'scott', 'short', 'business', 'consumer', 'team'}",-1.4391302531150065
13,Topic14,"{'tech', 'technology', 'growth', 'medium', 'short', 'consumer', 'matt', 'company', 'internet', 'theme'}",-1.4924528870207776
5,Topic6,"{'asia', 'kong', 'market', 'japan', 'asian', 'china', 'hong', 'chinese', 'pacific', 'korea'}",-1.5125433567775177
27,Topic28,"{'international', 'global', 'emerge', 'london', 'market', 'morgan', 'partner', 'latin', 'stanley', 'america'}",-1.5789362728273972
16,Topic17,"{'brazilian', 'long', 'local', 'asset', 'equity', 'unitedstates', 'source', 'income', 'brazil', 'september'}",-1.6425033722569458
2,Topic3,"{'price', 'demand', 'frontier', 'country', 'market', 'equity', 'africa', 'commodity', 'gold', 'russia'}",-1.6451033565630304
11,Topic12,"{'blackstone', 'sharpe', 'mike', 'deviation', 'long', 'document', 'investment', 'management', 'return', 'fund'}",-2.3888225339042855
14,Topic15,"{'committee', 'robert', 'andrew', 'firm', 'estate', 'chairman', 'award', 'member', 'hill', 'real'}",-2.516678618656763
0,Topic1,"{'sector', 'drug', 'blackrock', 'visium', 'balyasny', 'healthcare', 'medical', 'pharma', 'biotech', 'team'}",-3.789411124109705
19,Topic20,"{'authority', 'indea', 'year', 'india', 'hsbc', 'sanjiv', 'singapore', 'indian', 'fund', 'liberty'}",-3.959395257854649
9,Topic10,"{'dabroes', 'healthcor', 'jack', 'principal', 'senior', 'eduardo', 'speak', 'spoke', 'capital', 'junior'}",-5.8789142938550025
1,Topic2,"{'frontpoint', 'daniel', 'right', 'confidential', 'reserve', 'jabre', 'rajesh', 'emea', 'capital', 'distribute'}",-6.748105669361352
26,Topic27,"{'tech', 'sean', 'david', 'florian', 'michael', 'jeff', 'conatus', 'dave', 'andy', 'artis'}",-10.181913639693668
28,Topic29,"{'care', 'perry', 'everest', 'kevin', 'ryan', 'touradji', 'expo', 'paul', 'medical', 'science'}",-10.551935006844332
4,Topic5,"{'entity', 'allan', 'japanese', 'kingdom', 'boyer', 'japan', 'square', 'brochure', 'currie', 'martin'}",-10.654226797752012
